# Redirects for Render Static Sites
# https://render.com/docs/static-sites#redirects

# Trailing slash normalization
/materials/all-countertops   /materials/all-countertops/   301
/materials/countertops/granite-countertops   /materials/countertops/granite-countertops/   301
/materials/countertops/quartz-countertops   /materials/countertops/quartz-countertops/   301
/materials/countertops/marble-countertops   /materials/countertops/marble-countertops/   301
/services/home/kitchen-remodeling-arizona   /services/home/kitchen-remodeling-arizona/   301
/services/home/bathroom-remodeling-arizona   /services/home/bathroom-remodeling-arizona/   301
/get-a-free-estimate   /get-a-free-estimate/   301
/contact-us   /contact-us/   301
/blog   /blog/   301

# Legacy URL redirects (underscore to slash format)
/materials_all-countertops   /materials/all-countertops/   301
/materials_all-countertops.html   /materials/all-countertops/   301
/services_home_kitchen-remodeling-arizona   /services/home/kitchen-remodeling-arizona/   301
/services_home_kitchen-remodeling-arizona.html   /services/home/kitchen-remodeling-arizona/   301
/services_home_bathroom-remodeling-arizona   /services/home/bathroom-remodeling-arizona/   301
/services_home_bathroom-remodeling-arizona.html   /services/home/bathroom-remodeling-arizona/   301

# Common misspellings and shortcuts
/granite   /materials/countertops/granite-countertops/   301
/quartz   /materials/countertops/quartz-countertops/   301
/marble   /materials/countertops/marble-countertops/   301
/kitchen   /services/home/kitchen-remodeling-arizona/   301
/bathroom   /services/home/bathroom-remodeling-arizona/   301
/estimate   /get-a-free-estimate/   301
/quote   /get-a-free-estimate/   301
/contact   /contact-us/   301

# ============================================
# Redundant paths -> Marketplace (cleanup)
# ============================================
/shop   /marketplace/   301
/shop/   /marketplace/   301
/shop.html   /marketplace/   301
/store   /marketplace/   301
/store/   /marketplace/   301

# Tile path normalization
/tile/*   /tiles/:splat   301

# ============================================
# Vendor -> Stone Yard redirects (legacy migration)
# ============================================

# Physical stone yards (vendor slug -> stone-yard slug)
/vendors/arizona-tile        /stone-yards/arizona-tile/        301
/vendors/arizona-tile/       /stone-yards/arizona-tile/        301
/vendors/msi-surfaces        /stone-yards/msi/                 301
/vendors/msi-surfaces/       /stone-yards/msi/                 301
/vendors/cosentino           /stone-yards/cosentino/           301
/vendors/cosentino/          /stone-yards/cosentino/           301
/vendors/cambria             /stone-yards/cambria/             301
/vendors/cambria/            /stone-yards/cambria/             301
/vendors/daltile             /stone-yards/daltile/             301
/vendors/daltile/            /stone-yards/daltile/             301
/vendors/cactus-stone        /stone-yards/cactus-stone/        301
/vendors/cactus-stone/       /stone-yards/cactus-stone/        301
/vendors/bolder-image-stone  /stone-yards/bolder-image-stone/  301
/vendors/bolder-image-stone/ /stone-yards/bolder-image-stone/  301
/vendors/aracruz             /stone-yards/aracruz/             301
/vendors/aracruz/            /stone-yards/aracruz/             301
/vendors/classic-surfaces    /stone-yards/classic-surfaces/    301
/vendors/classic-surfaces/   /stone-yards/classic-surfaces/    301

# Brand-only vendors -> their carrying stone yard
/vendors/silestone           /stone-yards/cosentino/           301
/vendors/silestone/          /stone-yards/cosentino/           301
/vendors/dekton              /stone-yards/cosentino/           301
/vendors/dekton/             /stone-yards/cosentino/           301
/vendors/sensa               /stone-yards/cosentino/           301
/vendors/sensa/              /stone-yards/cosentino/           301
/vendors/hanstone            /stone-yards/esi/                 301
/vendors/hanstone/           /stone-yards/esi/                 301
/vendors/pentalquartz        /stone-yards/architectural-surfaces/  301
/vendors/pentalquartz/       /stone-yards/architectural-surfaces/  301
/vendors/lx-hausys           /stone-yards/architectural-surfaces/  301
/vendors/lx-hausys/          /stone-yards/architectural-surfaces/  301
/vendors/radianz-quartz      /stone-yards/architectural-surfaces/  301
/vendors/radianz-quartz/     /stone-yards/architectural-surfaces/  301

# Unmapped brands -> stone yards hub
/vendors/caesarstone          /stone-yards/   301
/vendors/caesarstone/         /stone-yards/   301
/vendors/polarstone           /stone-yards/   301
/vendors/polarstone/          /stone-yards/   301
/vendors/vicostone            /stone-yards/   301
/vendors/vicostone/           /stone-yards/   301
/vendors/neolith              /stone-yards/   301
/vendors/neolith/             /stone-yards/   301
/vendors/sun-stone            /stone-yards/   301
/vendors/sun-stone/           /stone-yards/   301
/vendors/the-stone-collection /stone-yards/   301
/vendors/the-stone-collection/ /stone-yards/  301
/vendors/bravo-tile           /stone-yards/   301
/vendors/bravo-tile/          /stone-yards/   301

# 404 fallback
/*   /404.html   404
